gene	factor	Chi2	pval	FoldChange	gene_total
Pck1	0	61801.2	0.00e+00	2.85	201305
Hsd17b6	0	33757.5	0.00e+00	8.69	33184
Aldh1b1	0	19807.8	0.00e+00	60.88	11330
G6pc	0	16515.1	0.00e+00	2.77	59484
Cyp17a1	0	9543.2	0.00e+00	8.10	9885
Ctsc	0	8003.2	0.00e+00	3.66	18255
Errfi1	0	4575.4	0.00e+00	1.63	74371
Sdc1	0	3468.7	0.00e+00	1.91	31824
Gm2a	0	2613.8	0.00e+00	1.76	31487
Hc	0	1883.8	0.00e+00	1.47	50970
Gpi1	0	1426.3	0.00e+00	1.70	19778
Lsr	0	1111.7	9.38e-244	1.51	25924
Srd5a1	0	820.5	1.88e-180	1.76	10087
Tent5c	0	683.7	1.02e-150	2.27	3862
Ccr1	0	75.3	3.98e-18	2.09	529
Fzd2	0	68.3	1.44e-16	2.12	463
Dll1	0	66.1	4.28e-16	1.58	1258
Slc34a2	0	48.2	3.76e-12	1.58	932
Tet1	0	34.8	3.74e-09	1.75	422
Akap14	0	23.6	1.18e-06	1.52	531
Lrp2	0	16.1	5.89e-05	1.55	326
Aldh3b2	0	15.9	6.78e-05	1.57	304
Fasn	1	7219.9	0.00e+00	1.45	225752
Cald1	1	4694.6	0.00e+00	1.78	58414
Acsl1	1	4205.7	0.00e+00	1.45	136002
Epas1	1	4123.3	0.00e+00	1.80	49473
Acss2	1	3485.5	0.00e+00	1.81	41458
Ldha	1	2240.4	0.00e+00	1.67	36482
Eif3a	1	1734.4	0.00e+00	1.58	36114
Sardh	1	1728.1	0.00e+00	1.36	83308
Gck	1	1719.8	0.00e+00	1.64	30410
Serping1	1	1418.4	2.09e-310	1.27	120996
Pgm1	1	1004.0	2.48e-220	1.51	26847
Adh4	1	533.1	6.03e-118	1.54	12639
Vangl2	1	91.7	9.94e-22	1.95	836
Cyp2b19	1	28.6	8.72e-08	1.63	511
Cyp21a1	1	27.8	1.34e-07	1.52	693
Ivl	1	19.5	1.02e-05	1.98	171
Cyp1a2	2	72912.6	0.00e+00	6.97	57685
Alas1	2	43447.0	0.00e+00	4.06	74320
Aldh3a2	2	33032.7	0.00e+00	4.46	48586
Comt	2	9995.6	0.00e+00	2.41	54292
Axin2	2	6411.1	0.00e+00	9.81	3634
Cyp2c38	2	3875.6	0.00e+00	3.89	7298
Adh4	2	3676.0	0.00e+00	2.90	12639
Akr1a1	2	1867.1	0.00e+00	1.65	38694
Alas2	2	1553.6	0.00e+00	2.88	5408
Ugt2b1	2	1502.3	0.00e+00	1.86	18953
Cyp7b1	2	965.7	5.18e-212	2.97	3154
Pdha1	2	818.0	6.75e-180	1.72	14100
Lad1	2	413.6	6.14e-92	2.29	2618
Tcf7	2	178.6	1.00e-40	2.02	1669
Dlat	2	122.9	1.44e-28	1.66	2466
Bmp7	2	97.4	5.72e-23	3.01	307
Tox	2	88.2	6.02e-21	1.75	1424
Cyp2c55	2	84.8	3.31e-20	1.76	1315
Sult1e1	2	55.4	9.79e-14	1.82	754
Mal	2	44.9	2.11e-11	1.60	1052
Sfrp2	2	41.4	1.25e-10	2.15	318
Eno3	2	37.3	9.99e-10	1.65	767
Cd177	2	19.8	8.44e-06	1.54	554
Kcnj1	2	16.1	5.86e-05	1.72	267
Fasn	3	13339.7	0.00e+00	1.99	225752
Acss2	3	2794.2	0.00e+00	2.09	41458
Pck1	3	1088.9	8.41e-239	1.29	201305
Acacb	3	889.5	1.90e-195	1.81	23314
Cebpa	3	669.8	1.12e-147	1.35	86832
Egfr	3	443.2	2.19e-98	1.31	71392
Gck	3	279.3	1.07e-62	1.39	30410
Cyp2b9	3	236.6	2.22e-53	1.27	49814
Hc	3	181.3	2.49e-41	1.24	50970
Tkt	3	145.2	1.99e-33	1.30	25668
Vangl2	3	35.7	2.27e-09	1.84	836
Tomt	3	12.7	3.64e-04	1.77	347
Cspg4	3	12.6	3.76e-04	2.04	182
Ddx4	3	12.2	4.74e-04	1.69	382
Il7r	3	12.2	4.78e-04	1.51	745
Dkk2	3	11.5	6.91e-04	1.57	533
Ndn	3	11.0	9.12e-04	1.85	231
Cyp2b9	4	6598.2	0.00e+00	3.06	49814
G6pc	4	5426.6	0.00e+00	2.68	59484
Hc	4	3711.9	0.00e+00	2.50	50970
Hsd3b3	4	2850.6	0.00e+00	4.96	6674
Egfr	4	2345.7	0.00e+00	1.98	71392
Cxcl12	4	1449.0	0.00e+00	2.08	37184
Tet2	4	942.3	6.11e-207	3.51	4995
Errfi1	4	935.5	1.85e-205	1.60	74371
Proz	4	837.0	4.89e-184	1.65	56473
Acaca	4	315.0	1.80e-70	1.62	23611
Adpgk	4	304.0	4.36e-68	2.30	5480
Notch2	4	276.5	4.45e-62	2.05	7555
Cyp17a1	4	206.2	9.14e-47	1.78	9885
Tcf7l2	4	182.5	1.35e-41	1.89	6866
Aldh3b3	4	150.4	1.42e-34	2.92	1273
Ep300	4	139.9	2.82e-32	1.73	7590
Fzd8	4	126.9	1.93e-29	1.81	5719
Fzd5	4	87.1	1.05e-20	2.55	1094
Mki67	4	85.2	2.74e-20	2.44	1232
Gca	4	80.5	2.89e-19	2.23	1613
Slc25a37	4	57.3	3.72e-14	1.57	5073
Alcam	4	54.7	1.43e-13	2.08	1377
Cbr4	4	50.8	1.04e-12	2.04	1393
Celsr2	4	42.5	7.06e-11	2.08	1033
Dkk1	4	32.0	1.55e-08	1.91	1075
Tfrc	4	29.3	6.35e-08	1.70	1715
Hsd11b2	4	28.8	8.23e-08	1.93	921
Ccr2	4	24.2	8.78e-07	2.01	670
Hsd17b3	4	22.4	2.20e-06	2.54	257
Rbpj	4	22.0	2.74e-06	1.53	2260
Aldh3a1	4	20.9	4.76e-06	2.32	329
Ms4a1	4	16.9	3.88e-05	2.18	339
Fzd7	4	16.5	4.84e-05	1.72	890
Angpt1	4	15.8	6.96e-05	1.62	1104
Ldhc	4	14.4	1.50e-04	1.64	983
Cdh11	4	13.9	1.90e-04	1.68	806
Angpt2	4	13.2	2.85e-04	1.91	388
Fzd1	4	11.9	5.54e-04	1.55	1089
Gapdhs	4	11.2	8.28e-04	1.99	315
Cyp2b9	5	9768.4	0.00e+00	3.80	49814
Hsd3b3	5	8513.7	0.00e+00	9.26	6674
Cyp2c38	5	8486.7	0.00e+00	8.80	7298
Aldh3a2	5	6276.2	0.00e+00	3.23	48586
Cxcl12	5	3285.4	0.00e+00	2.83	37184
Hc	5	2156.4	0.00e+00	2.24	50970
Tet2	5	2141.8	0.00e+00	5.34	4995
Alas1	5	1214.5	4.35e-266	1.76	74320
Slc25a37	5	733.6	1.46e-161	3.38	5073
Fzd8	5	731.3	4.60e-161	3.23	5719
Egfr	5	578.1	9.89e-128	1.53	71392
Axin2	5	473.6	5.35e-105	3.25	3634
Abcb4	5	463.7	7.40e-103	1.67	36863
Tcf7l2	5	399.4	7.51e-89	2.48	6866
Adpgk	5	375.6	1.12e-83	2.60	5480
Ep300	5	370.0	1.84e-82	2.34	7590
Akr1d1	5	229.4	7.92e-52	1.63	20759
Notch2	5	207.8	4.19e-47	2.00	7555
Hsd3b2	5	177.6	1.62e-40	2.57	2687
G6pc3	5	163.6	1.89e-37	2.92	1670
Gca	5	125.8	3.43e-29	2.71	1613
Mertk	5	105.1	1.19e-24	1.61	9942
Maml1	5	80.0	3.71e-19	1.87	3788
Alcam	5	75.1	4.50e-18	2.40	1377
Hsd17b3	5	72.0	2.11e-17	4.35	257
1700061G19Rik	5	67.6	2.05e-16	3.38	430
Celsr2	5	56.2	6.51e-14	2.41	1033
Meis1	5	53.7	2.39e-13	2.06	1693
Cyp7b1	5	51.6	6.87e-13	1.76	3154
Ldhc	5	41.8	9.95e-11	2.24	983
Ldhal6b	5	41.3	1.28e-10	3.33	283
Eno3	5	35.2	2.96e-09	2.26	767
Cd177	5	33.9	5.75e-09	2.44	554
Aldh3b3	5	32.9	9.49e-09	1.94	1273
Olr1	5	31.5	1.99e-08	3.21	222
F13a1	5	31.5	2.00e-08	3.05	255
Dkk1	5	24.8	6.45e-07	1.87	1075
Cyp2b23	5	22.5	2.09e-06	2.12	604
Aldoart1	5	22.2	2.40e-06	2.14	585
Tox	5	20.9	4.88e-06	1.71	1424
Chodl	5	19.8	8.74e-06	2.77	186
Icam1	5	19.2	1.18e-05	1.51	2471
Mki67	5	17.6	2.67e-05	1.68	1232
Gypa	5	15.5	8.06e-05	2.35	266
Txlnb	5	15.5	8.36e-05	1.86	730
Runx1	5	13.1	2.92e-04	1.99	436
Aldoc	5	12.9	3.30e-04	1.67	917
Cbr4	5	12.3	4.52e-04	1.54	1393
Sfrp2	5	11.7	6.12e-04	2.03	318
Fzd7	5	11.6	6.50e-04	1.67	890
Hsd17b1	5	11.5	7.13e-04	1.66	868
Pck1	6	1439.0	0.00e+00	1.48	201305
Cyp2b9	6	560.1	8.16e-124	1.62	49814
Sdc1	6	275.7	6.38e-62	1.54	31824
Alas1	6	188.0	8.53e-43	1.29	74320
Cyp2c23	6	176.1	3.53e-40	1.36	45235
Hsd17b2	6	136.7	1.38e-31	1.40	28959
Acsl1	6	84.9	3.15e-20	1.14	136002
Egfr	6	78.2	9.24e-19	1.19	71392
Gpd1	6	66.2	4.18e-16	1.22	43355
Serping1	6	54.7	1.38e-13	1.12	120996
Cxadr	6	49.4	2.09e-12	1.52	6021
Fzd8	6	44.0	3.32e-11	1.51	5719
Pdha2	6	19.2	1.18e-05	1.87	834
Cd177	6	16.6	4.50e-05	1.95	554
Cxcl12	7	37705.4	0.00e+00	8.94	37184
Col1a2	7	35827.9	0.00e+00	49.04	3054
Dpt	7	31807.9	0.00e+00	57.40	2339
Lhfp	7	31231.5	0.00e+00	31.69	4297
Epcam	7	23522.6	0.00e+00	118.44	1031
Col6a1	7	23471.9	0.00e+00	72.98	1414
Timp3	7	16275.2	0.00e+00	19.88	4192
Plvap	7	14243.4	0.00e+00	15.37	5456
Pth1r	7	13013.3	0.00e+00	28.46	2048
Hgf	7	12754.8	0.00e+00	24.83	2400
Serpinh1	7	12298.9	0.00e+00	39.98	1292
Bmp5	7	12114.2	0.00e+00	24.55	2316
Cygb	7	11267.8	0.00e+00	49.49	950
Pdgfra	7	9292.4	0.00e+00	24.12	1817
Jag1	7	9133.4	0.00e+00	24.06	1792
Ltbp4	7	8978.3	0.00e+00	10.98	6100
Shisa5	7	8729.6	0.00e+00	11.90	5140
Apobec3	7	8337.0	0.00e+00	25.54	1512
Gimap3	7	8311.5	0.00e+00	32.85	1094
Fstl1	7	7117.7	0.00e+00	21.93	1590
Timp2	7	6953.0	0.00e+00	32.10	939
Bcam	7	6211.7	0.00e+00	21.24	1451
Pfkp	7	5940.5	0.00e+00	25.39	1086
Gnai2	7	5129.5	0.00e+00	4.92	17703
Eng	7	4955.3	0.00e+00	5.34	14262
Gimap4	7	4797.1	0.00e+00	11.87	2842
Wnt4	7	4641.4	0.00e+00	32.08	629
Sfrp1	7	4197.9	0.00e+00	36.06	494
Myh10	7	3715.2	0.00e+00	10.86	2568
Nid1	7	3388.4	0.00e+00	10.90	2329
Pck2	7	3328.2	0.00e+00	10.25	2555
Rhoj	7	3083.1	0.00e+00	16.29	1071
Tinagl1	7	2855.7	0.00e+00	6.78	4905
Notch3	7	2837.4	0.00e+00	26.45	490
Ramp1	7	2814.4	0.00e+00	14.27	1215
B4galt6	7	2603.2	0.00e+00	17.60	805
Dkk3	7	2417.0	0.00e+00	18.47	689
Psap	7	2360.1	0.00e+00	2.99	29104
Sdc3	7	2292.2	0.00e+00	4.60	9297
Itgb7	7	2085.6	0.00e+00	19.89	531
Cd34	7	2074.8	0.00e+00	16.18	730
Itgb2	7	1717.0	0.00e+00	9.57	1490
Selplg	7	1712.7	0.00e+00	11.41	1079
Calcrl	7	1701.6	0.00e+00	6.84	2870
Prickle2	7	1686.0	0.00e+00	12.21	949
Notch1	7	1573.4	0.00e+00	6.36	3087
Klrb1c	7	1488.0	0.00e+00	24.46	281
Hk1	7	1463.2	0.00e+00	9.77	1223
Notch2	7	1389.1	4.84e-304	4.07	7555
Lck	7	1370.2	6.32e-300	10.02	1092
Mrvi1	7	1353.7	2.44e-296	9.88	1112
Laptm5	7	1271.9	1.42e-278	5.37	3599
Cav2	7	1240.5	9.60e-272	12.50	661
Gimap6	7	1035.3	3.86e-227	5.92	2371
Alcam	7	1022.9	1.87e-224	7.65	1377
Trim47	7	1015.7	6.98e-223	9.64	862
Tcf4	7	989.6	3.30e-217	4.82	3608
Pkm	7	831.0	1.01e-182	7.23	1236
Meis1	7	830.7	1.12e-182	6.23	1693
Satb1	7	756.3	1.69e-166	6.58	1374
Mal	7	725.2	9.91e-160	7.36	1052
Ccr2	7	723.4	2.42e-159	9.24	670
Rbpj	7	703.7	4.64e-155	5.08	2260
Angpt1	7	657.8	4.60e-145	6.83	1104
Acss1	7	626.4	3.10e-138	14.92	244
Tet2	7	600.9	1.05e-132	3.45	4995
Icam1	7	591.5	1.21e-130	4.54	2471
Tcf7l1	7	575.2	4.07e-127	5.95	1282
Pdpn	7	572.4	1.65e-126	9.69	479
Fzd1	7	569.2	8.57e-126	6.39	1089
Ephb4	7	540.9	1.21e-119	4.34	2521
Hoxb4	7	527.0	1.28e-116	6.40	1015
Egr1	7	515.5	4.00e-114	4.07	2794
Kctd12	7	513.0	1.43e-113	3.44	4290
Csnk1a1	7	506.1	4.48e-112	2.28	14635
Vcam1	7	497.4	3.49e-110	5.04	1629
Ep300	7	477.0	9.84e-106	2.74	7590
Cnp	7	440.3	9.51e-98	3.98	2521
Hkdc1	7	398.4	1.23e-88	7.74	512
Vwf	7	393.4	1.49e-87	4.27	1903
Tmod1	7	386.8	4.02e-86	10.62	275
Lad1	7	375.7	1.08e-83	3.69	2618
Tcf3	7	367.5	6.69e-82	3.23	3626
Fzd3	7	322.1	5.00e-72	7.73	415
Fgf2	7	321.2	7.86e-72	10.33	231
Gfap	7	315.6	1.33e-70	9.08	292
Flt3	7	310.1	2.12e-69	9.75	247
Lox	7	306.9	1.01e-68	5.45	829
Bmp7	7	295.8	2.74e-66	8.52	307
H2afy	7	295.7	2.82e-66	1.86	18388
Celsr2	7	290.1	4.85e-65	4.85	1033
G6pc3	7	287.1	2.12e-64	3.95	1670
Lmnb1	7	284.3	8.84e-64	4.02	1568
Il7r	7	280.0	7.40e-63	5.49	745
Itgal	7	273.6	1.87e-61	3.29	2589
Kitl	7	271.8	4.70e-61	5.34	775
Podxl	7	255.8	1.39e-57	3.87	1551
Lmna	7	234.2	7.41e-53	2.30	6531
Tgfb2	7	232.1	2.04e-52	4.02	1294
Cxcl14	7	224.6	9.02e-51	6.40	415
Hvcn1	7	222.4	2.74e-50	4.98	720
Ctnnal1	7	221.7	3.81e-50	4.55	900
Nes	7	199.7	2.48e-45	4.91	674
Mkrn1	7	199.4	2.80e-45	2.64	3557
Fyb	7	198.6	4.27e-45	2.52	4094
Arsb	7	189.5	4.18e-43	2.50	3968
Eno2	7	182.4	1.42e-41	5.70	436
Tnfrsf13c	7	181.7	2.02e-41	8.83	178
Ace	7	171.9	2.81e-39	3.37	1507
Eif3f	7	170.7	5.30e-39	2.48	3670
Csk	7	166.9	3.59e-38	1.91	9422
Csf1r	7	162.6	3.02e-37	2.10	6202
Cxadr	7	154.5	1.76e-35	2.09	6021
Tcf7l2	7	152.8	4.25e-35	2.02	6866
Maml1	7	147.1	7.31e-34	2.35	3788
Mpeg1	7	143.7	4.23e-33	2.26	4260
Npc2	7	139.9	2.76e-32	3.27	1342
Lcp1	7	136.4	1.61e-31	1.80	9830
Smarca4	7	131.7	1.73e-30	1.85	8374
Itga2b	7	131.7	1.74e-30	4.06	697
Fzd5	7	129.9	4.26e-30	3.40	1094
Gnaz	7	128.5	8.86e-30	5.03	401
Nrp1	7	123.1	1.30e-28	1.77	9527
1700061G19Rik	7	122.3	2.00e-28	4.80	430
Pgm2	7	118.8	1.16e-27	3.13	1277
Runx1	7	106.0	7.31e-25	4.53	436
Ms4a1	7	98.4	3.33e-23	4.77	339
Fzd7	7	92.6	6.28e-22	3.21	890
Clec14a	7	89.4	3.19e-21	2.10	3424
Dek	7	89.4	3.24e-21	1.81	6222
Meis2	7	88.7	4.63e-21	2.47	1920
Acsbg1	7	72.8	1.46e-17	3.97	408
Esam	7	63.2	1.83e-15	2.07	2532
Cyp1a1	7	57.5	3.32e-14	3.50	445
Cspg4	7	53.9	2.06e-13	4.82	182
Stk17b	7	53.4	2.75e-13	2.07	2173
Selp	7	51.6	6.92e-13	3.67	330
Gca	7	50.2	1.35e-12	2.18	1613
Tet1	7	48.7	2.97e-12	3.30	422
Sult2b1	7	48.3	3.67e-12	3.28	445
Pfkl	7	47.5	5.39e-12	1.66	5003
Rassf4	7	47.1	6.78e-12	2.38	1156
Fzd4	7	46.9	7.61e-12	2.00	2149
F13a1	7	46.0	1.21e-11	3.93	255
Unc93b1	7	43.5	4.32e-11	1.72	3844
Srd5a3	7	42.7	6.45e-11	2.02	1826
Akap14	7	40.7	1.78e-10	2.85	531
Ssh2	7	39.7	2.90e-10	1.86	2356
Ldhal6b	7	38.2	6.22e-10	3.54	283
Aldoart2	7	37.0	1.17e-09	3.71	229
Cybb	7	36.8	1.34e-09	1.80	2632
Nkd2	7	34.8	3.57e-09	3.44	237
Pfkm	7	34.7	3.81e-09	1.74	2835
Elk3	7	34.0	5.47e-09	1.98	1539
Pld4	7	31.2	2.31e-08	1.76	2426
Hsd11b2	7	30.8	2.92e-08	2.20	921
Angpt2	7	30.2	3.84e-08	2.83	388
Slc34a2	7	29.8	4.79e-08	2.20	932
Mpl	7	28.8	8.10e-08	4.63	94
Aldh3a1	7	28.7	8.62e-08	2.89	329
Efnb2	7	28.3	1.04e-07	2.32	703
Obscn	7	26.8	2.21e-07	3.17	251
Cd93	7	23.0	1.66e-06	1.90	1201
Lef1	7	20.0	7.69e-06	2.19	573
Itgam	7	20.0	7.70e-06	1.84	1159
Aldoc	7	20.0	7.81e-06	1.97	917
Jag2	7	19.2	1.15e-05	3.20	140
Fzd2	7	17.6	2.74e-05	2.29	463
Vav1	7	17.4	3.09e-05	2.02	690
Cd48	7	17.2	3.45e-05	1.76	1244
Pdha2	7	15.7	7.42e-05	1.88	834
Eno4	7	10.9	9.36e-04	1.66	1023
Chodl	7	10.9	9.60e-04	2.44	186
Stab2	8	130524.1	0.00e+00	73.94	7826
Eng	8	79769.7	0.00e+00	25.63	14262
Aqp1	8	70223.2	0.00e+00	32.96	9173
Dnase1l3	8	59330.9	0.00e+00	28.02	9462
Kdr	8	56825.8	0.00e+00	28.04	9055
Gpr182	8	23499.5	0.00e+00	22.94	4895
Flt4	8	23134.3	0.00e+00	27.24	3829
Mrc1	8	22655.6	0.00e+00	16.58	7611
Esam	8	19228.7	0.00e+00	32.79	2532
Tinagl1	8	17236.5	0.00e+00	18.49	4905
Pecam1	8	17060.6	0.00e+00	19.06	4639
Cd300lg	8	16052.6	0.00e+00	27.27	2654
Clec14a	8	14261.7	0.00e+00	20.76	3424
Bmp2	8	13813.1	0.00e+00	30.08	2015
Kit	8	13274.6	0.00e+00	51.42	1082
Tek	8	10685.2	0.00e+00	24.92	1988
Cdh5	8	10048.0	0.00e+00	14.56	4151
Ltbp4	8	9559.2	0.00e+00	11.29	6100
Gimap6	8	9542.1	0.00e+00	20.26	2371
Lyve1	8	9039.5	0.00e+00	23.20	1852
Gimap4	8	8739.1	0.00e+00	16.95	2842
Meis2	8	8590.9	0.00e+00	21.83	1920
Mertk	8	5120.2	0.00e+00	6.35	9942
Cd93	8	4171.2	0.00e+00	18.33	1201
Dll4	8	4034.4	0.00e+00	11.97	2317
Timp3	8	3615.5	0.00e+00	8.18	4192
Nrp1	8	3589.5	0.00e+00	5.49	9527
Hoxb4	8	3586.5	0.00e+00	18.53	1015
Elk3	8	3536.0	0.00e+00	14.12	1539
Notch1	8	3411.3	0.00e+00	9.32	3087
Ephb4	8	3022.6	0.00e+00	9.72	2521
Calcrl	8	2757.6	0.00e+00	8.66	2870
Podxl	8	2750.1	0.00e+00	12.08	1551
Wnt2	8	2603.8	0.00e+00	9.84	2121
Nid1	8	2320.6	0.00e+00	8.82	2329
Notch4	8	1901.7	0.00e+00	18.25	550
Tcf4	8	1733.1	0.00e+00	6.14	3608
Shisa5	8	1201.0	3.70e-263	4.46	5140
Meis1	8	1102.4	1.01e-241	7.10	1693
Slc25a37	8	1068.9	1.85e-234	4.27	5073
Efnb2	8	957.5	3.11e-210	10.35	703
Prickle2	8	772.0	6.73e-170	7.90	949
Tcf7l1	8	705.5	1.95e-155	6.51	1282
Gnai2	8	697.1	1.25e-153	2.35	17703
Rhoj	8	574.1	7.15e-127	6.44	1071
Trim47	8	573.8	8.44e-127	7.12	862
Cav2	8	559.0	1.37e-123	8.03	661
Pgm2	8	412.7	9.26e-92	5.09	1277
Apobec3	8	405.4	3.71e-90	4.72	1512
Hgf	8	404.4	6.00e-90	3.90	2400
Hvcn1	8	384.1	1.58e-85	6.42	720
Hk1	8	336.3	4.06e-75	4.77	1223
Mecom	8	320.5	1.12e-71	6.02	691
Ms4a1	8	299.4	4.42e-67	8.19	339
Fzd4	8	296.3	2.15e-66	3.59	2149
Ssh2	8	280.3	6.60e-63	3.39	2356
Serpinh1	8	258.2	4.15e-58	4.17	1292
Tnfrsf13c	8	233.0	1.30e-52	9.89	178
Nes	8	229.8	6.46e-52	5.18	674
Ramp1	8	219.5	1.17e-49	3.96	1215
Sdc3	8	210.6	1.01e-47	2.02	9297
Hoxb5	8	206.9	6.53e-47	5.64	512
Pkm	8	176.2	3.24e-40	3.61	1236
Angpt2	8	163.1	2.41e-37	5.72	388
Plvap	8	155.2	1.26e-35	2.14	5456
1700061G19Rik	8	147.4	6.35e-34	5.22	430
Lepr	8	145.4	1.79e-33	4.48	592
Pck2	8	132.9	9.65e-31	2.55	2555
Mki67	8	117.8	1.90e-27	3.13	1232
Selp	8	106.5	5.74e-25	5.02	330
Acss1	8	105.9	7.68e-25	5.67	244
Gata2	8	97.2	6.34e-23	3.92	538
Dkk3	8	92.1	8.08e-22	3.49	689
Kitl	8	90.8	1.57e-21	3.35	775
Vcam1	8	82.4	1.10e-19	2.52	1629
Ryr2	8	77.4	1.36e-18	4.84	252
Mpp1	8	76.0	2.90e-18	1.72	6613
Cnp	8	66.2	4.09e-16	2.08	2521
Kctd12	8	60.2	8.56e-15	1.79	4290
Olah	8	56.8	4.91e-14	3.27	499
Pfkp	8	54.9	1.29e-13	2.49	1086
Ep300	8	48.2	3.89e-12	1.53	7590
Ldhal6b	8	41.6	1.11e-10	3.62	283
Nkd2	8	38.6	5.19e-10	3.67	237
Maml1	8	38.0	7.01e-10	1.66	3788
Tcf3	8	38.0	7.06e-10	1.68	3626
Csf3r	8	33.3	7.77e-09	2.16	1089
Pdpn	8	32.6	1.14e-08	2.74	479
Gypa	8	31.3	2.21e-08	3.29	266
Tet2	8	29.9	4.61e-08	1.51	4995
Ctnnal1	8	28.4	9.94e-08	2.18	900
Akr1c18	8	25.4	4.78e-07	3.17	211
Bcam	8	24.3	8.05e-07	1.86	1451
Icam1	8	24.0	9.69e-07	1.64	2471
Itgb7	8	22.9	1.68e-06	2.31	531
B4galt6	8	22.5	2.09e-06	2.07	805
Gnaz	8	20.4	6.21e-06	2.49	401
Hsd17b1	8	18.0	2.23e-05	1.91	868
Selplg	8	16.2	5.63e-05	1.79	1079
Cxcr2	8	12.3	4.63e-04	2.21	322
Dnase1l3	9	6429.8	0.00e+00	12.74	9462
Kdr	9	5493.0	0.00e+00	12.04	9055
Gpr182	9	5140.5	0.00e+00	15.81	4895
Ltbp4	9	4446.6	0.00e+00	13.17	6100
Aqp1	9	3870.0	0.00e+00	10.11	9173
Eng	9	2798.6	0.00e+00	7.10	14262
Flt4	9	2256.4	0.00e+00	11.86	3829
Mrc1	9	1749.1	0.00e+00	7.62	7611
Cd300lg	9	1730.7	0.00e+00	12.45	2654
Stab2	9	1540.1	0.00e+00	7.11	7826
Clec14a	9	1370.3	5.86e-300	9.86	3424
Cdh5	9	1157.7	9.48e-254	8.33	4151
Dll4	9	1113.3	4.23e-244	10.71	2317
Gimap6	9	1082.5	2.10e-237	10.48	2371
Pecam1	9	1077.8	2.18e-236	7.66	4639
Efnb2	9	978.7	7.67e-215	18.17	703
Tinagl1	9	806.1	2.49e-177	6.54	4905
Esam	9	690.6	3.35e-152	8.23	2532
Tek	9	648.5	4.83e-143	8.86	1988
Bmp2	9	536.5	1.11e-118	8.14	2015
Meis2	9	473.1	6.68e-105	7.85	1920
Cd93	9	471.5	1.52e-104	9.67	1201
Timp3	9	449.2	1.09e-99	5.47	4192
Mecom	9	437.1	4.53e-97	12.15	691
Calcrl	9	359.6	3.43e-80	5.84	2870
Lyve1	9	355.1	3.26e-79	6.93	1852
Nrp1	9	306.8	1.10e-68	3.42	9527
Elk3	9	239.3	5.58e-54	6.33	1539
Ephb4	9	237.8	1.18e-53	5.12	2521
Podxl	9	236.7	2.01e-53	6.22	1551
Notch4	9	235.0	4.85e-53	9.92	550
Gimap4	9	191.1	1.87e-43	4.47	2842
Slamf1	9	175.6	4.46e-40	5.09	1910
Prickle2	9	165.9	5.95e-38	6.60	949
Meis1	9	164.9	9.41e-38	5.15	1693
Hoxb4	9	141.1	1.53e-32	6.01	1015
Tcf4	9	128.0	1.15e-29	3.51	3608
Notch1	9	126.4	2.46e-29	3.66	3087
Trim47	9	111.2	5.35e-26	5.80	862
Tcf7l1	9	92.9	5.50e-22	4.49	1282
Nid1	9	78.4	8.50e-19	3.42	2329
Egr1	9	75.5	3.63e-18	3.15	2794
Cav2	9	71.6	2.57e-17	5.20	661
Hsd17b6	9	70.6	4.37e-17	1.61	33184
Mertk	9	69.9	6.16e-17	2.11	9942
Shisa5	9	50.8	1.03e-12	2.30	5140
Ssh2	9	29.7	5.00e-08	2.45	2356
Pkm	9	21.0	4.51e-06	2.55	1236
Hgf	9	20.4	6.36e-06	2.13	2400
Hvcn1	9	19.9	8.25e-06	3.11	720
Kit	9	19.7	9.02e-06	2.66	1082
Hk1	9	18.1	2.08e-05	2.55	1223
Eno2	9	17.5	2.85e-05	3.33	436
Jag1	9	16.7	4.34e-05	2.20	1792
Rhoj	9	13.5	2.43e-04	2.37	1071
Kitl	9	13.5	2.43e-04	2.46	775
Ramp1	9	12.4	4.32e-04	2.25	1215
Ammecr1	9	12.4	4.36e-04	2.82	526
Mpl	9	11.3	7.71e-04	4.54	94
Pck2	9	11.2	8.07e-04	1.85	2555
Csf1r	10	144228.0	0.00e+00	123.38	6202
Sdc3	10	104928.1	0.00e+00	47.10	9297
Laptm5	10	71416.6	0.00e+00	94.30	3599
Fyb	10	57643.4	0.00e+00	59.79	4094
Adgre1	10	53334.0	0.00e+00	101.03	2572
Pld4	10	50768.2	0.00e+00	102.69	2426
Mpeg1	10	44119.7	0.00e+00	43.33	4260
Itgal	10	41755.1	0.00e+00	70.49	2589
Cybb	10	39763.0	0.00e+00	64.96	2632
Psap	10	24856.8	0.00e+00	8.17	29104
Ctsc	10	23289.9	0.00e+00	10.11	18255
Kctd12	10	21899.3	0.00e+00	24.06	4290
Itgb2	10	19380.7	0.00e+00	54.73	1490
Mrc1	10	15782.2	0.00e+00	13.34	7611
Unc93b1	10	15331.9	0.00e+00	20.21	3844
Mertk	10	15127.0	0.00e+00	11.16	9942
Ncf1	10	11490.5	0.00e+00	42.97	1117
Hk3	10	10760.8	0.00e+00	45.41	988
Bank1	10	9904.8	0.00e+00	36.00	1172
Vcam1	10	9084.9	0.00e+00	25.67	1629
Cdh5	10	8411.8	0.00e+00	13.16	4151
Grn	10	8048.5	0.00e+00	7.50	11218
Selplg	10	7861.7	0.00e+00	31.67	1079
Rassf4	10	7792.4	0.00e+00	29.71	1156
Lcp1	10	4661.1	0.00e+00	6.14	9830
Smpdl3a	10	3979.1	0.00e+00	7.83	5090
Vav1	10	3463.8	0.00e+00	23.70	690
Gnai2	10	2913.7	0.00e+00	3.89	17703
Hk2	10	2661.3	0.00e+00	29.46	397
Apobec3	10	2533.5	0.00e+00	11.74	1512
Cd44	10	2275.0	0.00e+00	18.84	627
Shisa5	10	2250.1	0.00e+00	5.92	5140
Kcnj16	10	2154.8	0.00e+00	21.56	490
Ssh2	10	1482.8	0.00e+00	7.02	2356
Csf3r	10	1393.1	6.65e-305	10.10	1089
Tcf7l2	10	1361.4	5.03e-298	4.19	6866
Cd48	10	1307.0	3.42e-286	9.09	1244
Itgam	10	1286.5	9.70e-282	9.34	1159
Icam1	10	1231.6	8.39e-270	6.29	2471
Npc2	10	1097.1	1.41e-240	7.98	1342
B4galt6	10	1067.1	4.71e-234	10.27	805
Hvcn1	10	917.1	1.87e-201	10.04	720
Stk17b	10	795.2	6.02e-175	5.44	2173
Adpgk	10	756.3	1.70e-166	3.62	5480
Itgb7	10	709.4	2.64e-156	10.33	531
Flt3	10	677.0	3.06e-149	15.77	247
Pfkp	10	645.7	1.90e-142	6.81	1086
Cd83	10	592.9	5.87e-131	7.93	729
Pkm	10	528.1	7.30e-117	5.82	1236
Runx1	10	487.4	5.26e-108	9.35	436
Ep300	10	436.9	5.12e-97	2.66	7590
Cnp	10	370.8	1.24e-82	3.71	2521
Plvap	10	343.8	9.63e-77	2.74	5456
Hk1	10	316.9	6.87e-71	4.67	1223
Satb1	10	316.8	7.17e-71	4.42	1374
Csk	10	290.8	3.40e-65	2.20	9422
Slamf1	10	280.6	5.70e-63	3.70	1910
Aldh3b1	10	245.8	2.10e-55	4.95	806
Tnfrsf13c	10	237.7	1.26e-53	9.92	178
Gimap3	10	230.0	5.82e-52	4.26	1094
Notch2	10	227.2	2.38e-51	2.19	7555
Ms4a1	10	192.0	1.15e-43	6.56	339
Acss1	10	191.1	1.79e-43	7.62	244
Tcf4	10	174.8	6.46e-40	2.51	3608
Hgf	10	155.2	1.24e-35	2.74	2400
Trim47	10	147.3	6.68e-34	3.87	862
Chodl	10	145.6	1.59e-33	7.51	186
Mkrn1	10	130.6	3.07e-30	2.31	3557
Tet2	10	114.6	9.66e-27	2.03	4995
Pecam1	10	106.8	5.00e-25	2.03	4639
Pou2af1	10	104.6	1.46e-24	2.73	1631
Procr	10	92.1	8.33e-22	3.10	973
Gimap6	10	87.0	1.09e-20	2.30	2371
Lmnb1	10	86.9	1.13e-20	2.60	1568
Lamp3	10	69.8	6.49e-17	3.37	572
Notch1	10	54.9	1.25e-13	1.90	3087
Timp2	10	47.3	5.95e-12	2.53	939
Hsd17b3	10	44.8	2.18e-11	3.78	257
Mki67	10	41.6	1.12e-10	2.23	1232
Maml1	10	37.8	7.90e-10	1.67	3788
Ddx4	10	34.7	3.89e-09	2.99	382
Ccr2	10	31.3	2.20e-08	2.46	670
F13a1	10	30.1	4.12e-08	3.27	255
Tcf3	10	28.7	8.36e-08	1.60	3626
Bmp5	10	28.1	1.17e-07	1.73	2316
Itga2b	10	25.8	3.84e-07	2.27	697
Sult2b1	10	25.0	5.65e-07	2.51	445
Calcrl	10	23.1	1.55e-06	1.59	2870
Nes	10	22.9	1.73e-06	2.20	674
Tspan13	10	22.2	2.40e-06	2.20	681
Cxcr2	10	22.0	2.75e-06	2.73	322
Tfrc	10	20.2	6.98e-06	1.72	1715
Pth1r	10	20.0	7.90e-06	1.64	2048
Egr1	10	16.6	4.58e-05	1.50	2794
Gfap	10	16.1	5.87e-05	2.48	292
Aldoart2	10	14.8	1.21e-04	2.65	229
Cxcl14	10	14.2	1.67e-04	2.20	415
Mrvi1	10	11.1	8.85e-04	1.62	1112
Ramp1	10	10.9	9.48e-04	1.59	1215
Vwf	11	104340.4	0.00e+00	257.03	1903
Eng	11	32705.3	0.00e+00	20.14	14262
Plvap	11	22634.6	0.00e+00	28.31	5456
Pecam1	11	21405.2	0.00e+00	30.16	4639
Timp3	11	17104.0	0.00e+00	28.02	4192
Ltbp4	11	12031.1	0.00e+00	18.55	6100
Aqp1	11	9365.9	0.00e+00	13.12	9173
Calcrl	11	7968.6	0.00e+00	22.40	2870
Tek	11	5821.4	0.00e+00	23.05	1988
Mmrn1	11	5715.8	0.00e+00	50.25	559
Cdh5	11	4740.8	0.00e+00	13.88	4151
Mecom	11	3814.4	0.00e+00	33.44	691
Esam	11	3799.1	0.00e+00	15.98	2532
Dpt	11	3255.4	0.00e+00	15.35	2339
Clec14a	11	2979.7	0.00e+00	12.07	3424
Lhfp	11	2702.8	0.00e+00	10.28	4297
Podxl	11	2559.2	0.00e+00	16.84	1551
Ephb4	11	2528.5	0.00e+00	12.98	2521
Notch1	11	2480.5	0.00e+00	11.61	3087
Jag1	11	2387.3	0.00e+00	15.02	1792
Cd93	11	2368.0	0.00e+00	18.44	1201
Selp	11	2301.9	0.00e+00	38.61	330
Meis2	11	2297.4	0.00e+00	14.20	1920
Elk3	11	1948.9	0.00e+00	14.60	1539
Dll4	11	1936.7	0.00e+00	11.84	2317
Pth1r	11	1829.8	0.00e+00	12.20	2048
Bcam	11	1760.4	0.00e+00	14.29	1451
Cyp1a1	11	1710.7	0.00e+00	26.76	445
Fstl1	11	1537.9	0.00e+00	12.73	1590
Efnb2	11	1427.7	0.00e+00	18.61	703
Hgf	11	1183.8	2.05e-259	9.15	2400
Tinagl1	11	1177.8	4.00e-258	6.56	4905
Nid1	11	1151.4	2.28e-252	9.12	2329
Cd34	11	1086.4	3.02e-238	15.86	730
Col1a2	11	1073.6	1.84e-235	7.81	3054
Flt4	11	956.6	4.98e-210	6.68	3829
Serpinh1	11	900.9	6.18e-198	10.80	1292
Gpr182	11	900.2	9.09e-198	5.84	4895
Epas1	11	890.1	1.37e-195	2.47	49473
Ctnnal1	11	809.0	5.92e-178	12.19	900
Ace	11	684.4	7.52e-151	8.72	1507
Tcf4	11	612.9	2.65e-135	5.63	3608
Rhoj	11	605.0	1.36e-133	9.64	1071
Cd300lg	11	597.0	7.34e-132	6.38	2654
Bmp5	11	580.1	3.59e-128	6.64	2316
Kdr	11	575.6	3.43e-127	3.80	9055
Trim47	11	575.4	3.74e-127	10.44	862
Notch4	11	523.7	6.56e-116	12.38	550
Hoxb4	11	469.5	4.22e-104	8.79	1015
Prickle2	11	449.0	1.20e-99	8.83	949
Gnai2	11	401.0	3.36e-89	2.65	17703
Col6a1	11	399.6	6.70e-89	7.05	1414
Nrp1	11	353.6	6.94e-79	3.12	9527
Meis1	11	349.8	4.61e-78	6.08	1693
Tspan13	11	324.9	1.25e-72	8.88	681
Lepr	11	319.5	1.83e-71	9.35	592
Lyve1	11	307.8	6.74e-69	5.58	1852
Nes	11	299.4	4.39e-67	8.59	674
Notch3	11	293.0	1.10e-65	9.76	490
Tcf7l1	11	281.2	4.15e-63	6.28	1282
Hk1	11	248.6	5.36e-56	6.05	1223
Pdgfra	11	201.8	8.32e-46	4.68	1817
Gimap6	11	198.1	5.51e-45	4.19	2371
Wnt2	11	194.9	2.70e-44	4.37	2121
Timp2	11	192.3	9.99e-44	5.97	939
Kitl	11	191.8	1.28e-43	6.57	775
Cygb	11	179.6	5.97e-41	5.84	950
Sdc3	11	172.7	1.88e-39	2.49	9297
Apobec3	11	167.3	2.89e-38	4.66	1512
Pck2	11	163.6	1.86e-37	3.78	2555
Shisa5	11	157.1	4.98e-36	2.91	5140
Fzd4	11	148.1	4.61e-34	3.89	2149
Cxcl12	11	126.0	3.08e-29	1.63	37184
Tgfb2	11	125.6	3.75e-29	4.38	1294
Itga2b	11	115.6	5.89e-27	5.45	697
Pfkp	11	110.3	8.51e-26	4.51	1086
Gimap4	11	104.0	2.01e-24	3.08	2842
Lox	11	103.9	2.14e-24	4.80	829
Gata2	11	101.0	9.29e-24	5.81	538
Myh10	11	94.5	2.42e-22	3.10	2568
Vcam1	11	85.1	2.88e-20	3.45	1629
Mrc1	11	82.0	1.35e-19	2.12	7611
Kctd12	11	79.6	4.59e-19	2.48	4290
Pkm	11	78.0	1.04e-18	3.70	1236
Bmp2	11	71.8	2.44e-17	3.04	2015
Akr1c18	11	69.9	6.23e-17	6.99	211
Cav2	11	67.3	2.33e-16	4.44	661
Angpt2	11	65.8	5.06e-16	5.31	388
Dll1	11	60.4	7.60e-15	3.32	1258
Gfap	11	53.5	2.56e-13	5.66	292
Npc2	11	53.5	2.56e-13	3.14	1342
Icam1	11	49.3	2.21e-12	2.51	2471
Ramp1	11	45.9	1.25e-11	3.06	1215
Cxcl14	11	44.3	2.87e-11	4.45	415
Stab2	11	42.1	8.85e-11	1.79	7826
Sfrp1	11	39.2	3.80e-10	3.97	494
Ivl	11	39.0	4.29e-10	5.83	171
Ryr2	11	36.6	1.44e-09	4.93	252
Sfrp2	11	32.0	1.53e-08	4.20	318
Pdpn	11	29.5	5.71e-08	3.53	479
Hoxb5	11	26.2	3.12e-07	3.35	512
Ssh2	11	22.2	2.43e-06	2.00	2356
Hsd17b1	11	21.8	3.10e-06	2.62	868
Mpl	11	21.7	3.21e-06	4.71	94
Tnfrsf13c	11	19.8	8.71e-06	3.91	178
Procr	11	19.7	8.84e-06	2.43	973
Mrvi1	11	19.6	9.62e-06	2.35	1112
Mal	11	19.2	1.16e-05	2.38	1052
Lrp2	11	18.9	1.40e-05	3.24	326
Nkd2	11	17.7	2.54e-05	3.39	237
Dkk3	11	17.7	2.62e-05	2.58	689
1700061G19Rik	11	14.8	1.20e-04	2.73	430
Fgf2	11	12.9	3.34e-04	3.34	231
Pgm2	11	11.6	6.77e-04	1.99	1277
